{
  "service_rate": 32,
  "districts_analyzed": 1131,
  "training_time_sec": 30.1291823387146,
  "trained_at": "2026-01-20T07:13:05.381363"
}