{
  "n_clusters": 5,
  "districts_clustered": 1131,
  "training_time_sec": 5.253977060317993,
  "trained_at": "2026-01-20T07:42:29.565809"
}