{
  "districts_projected": 1069,
  "total_5_year_mbu": 5206447,
  "training_time_sec": 579.7870321273804,
  "trained_at": "2026-01-20T07:52:13.975380"
}