{
  "districts_analyzed": 993,
  "training_time_sec": 899.0506980419159,
  "trained_at": "2026-01-20T07:42:24.283702"
}