{
  "districts_monitored": 1004,
  "lambda_param": 0.2,
  "training_time_sec": 4.56249737739563,
  "trained_at": "2026-01-20T07:42:34.161927"
}